Generation,Best_Score,Average_Score,Worst_Score,Best_Length,Average_Length,Worst_Length
1,-30.172425682282935,-36.55784796984327,-41.56803757141091,5.28125,4.218072916666666,2.8125
2,-29.030353508327135,-37.10460497223267,-42.66087863787922,5.796875,4.251927083333333,3.0625
3,-29.675641521573258,-35.75897687032189,-41.101968948480135,5.359375,4.324739583333334,3.34375
4,-31.717050805651,-38.33684997197483,-43.15893590780358,5.21875,4.271979166666667,2.984375
5,-30.225519460477784,-37.559286261156686,-43.00616829258858,5.359375,4.2753125,2.734375
6,-28.57419071940172,-37.13271593749465,-42.642790444182424,5.5625,4.2475,2.703125
7,-29.283097590431332,-35.601611949150744,-40.731123256332566,5.296875,4.229479166666667,2.890625
8,-29.85508893118061,-38.2643913343352,-43.68098106448274,5.265625,4.255364583333333,3.203125
9,-26.92167132480974,-35.139180905220144,-40.90427399397228,5.53125,4.288020833333333,3.15625
10,-28.631363586011844,-35.93864119338149,-42.55347881030261,5.46875,4.257083333333333,2.859375
11,-28.64093972168993,-35.512839808530146,-40.97385654592293,5.25,4.194947916666667,3.1875
12,-27.845610740200918,-35.702334245594415,-41.0326109528327,5.1875,4.21546875,3.25
13,-28.261755122294424,-34.83467991863343,-39.96977292439007,5.4375,4.23046875,3.28125
14,-25.390543962463394,-32.6080805983571,-38.353746971393385,5.234375,4.202864583333334,3.28125
15,-27.743698654163065,-34.81230922426144,-39.45811536093142,5.484375,4.227604166666667,3.140625
16,-28.196621283363335,-35.86668473353542,-41.11049373643422,5.34375,4.23171875,2.9375
17,-26.087571314124837,-34.94272767769883,-40.60694842661579,5.828125,4.229791666666666,3.171875
18,-30.44372503413378,-37.13308544427545,-43.392635123660774,5.265625,4.25109375,2.875
19,-26.457390001895064,-36.943135682226085,-42.8144517702343,5.328125,4.238541666666666,2.859375
20,-26.381253412125325,-34.64280264139086,-40.75745662582197,5.421875,4.21234375,3.0625
21,-28.60491184336256,-35.8252900093811,-41.730714069634814,5.5,4.254375,3.171875
22,-26.41167042794762,-34.46130137280993,-40.21586012380918,5.375,4.275989583333334,3.25
23,-28.103028083053953,-37.20366121308403,-43.556573995756835,5.375,4.289114583333333,3.1875
24,-27.268122036781357,-35.14395730792601,-40.839376988253804,5.203125,4.26390625,3.234375
25,-29.820931784209687,-37.033147360799425,-42.419092069145236,5.421875,4.3272916666666665,3.375
26,-29.709188209875144,-37.16919960522957,-42.80879866130883,5.34375,4.2586458333333335,3.234375
27,-29.034440683653084,-36.85726914211077,-42.45228577028733,5.28125,4.296979166666667,3.015625
28,-28.664935988471285,-36.45730014702157,-42.69552095340585,5.359375,4.292760416666667,3.390625
29,-25.553399139365087,-36.1295199448729,-42.054623358470266,5.515625,4.265885416666666,2.90625
30,-27.604016150854783,-36.616567597996514,-43.38652164870682,5.4375,4.2759375,2.984375
31,-28.535619075319524,-35.822193081447274,-41.87933712984521,5.65625,4.272395833333333,2.921875
32,-25.947846982658092,-36.62363067802002,-42.23536951842627,5.609375,4.26640625,2.90625
33,-27.617863800699514,-35.59245638483073,-41.82997521355319,5.609375,4.254427083333334,2.625
34,-28.7720752305929,-35.76717340574,-40.84321136363644,5.265625,4.28765625,2.890625
35,-27.533926429169004,-35.184400255658865,-40.284058756028514,5.421875,4.285520833333333,2.859375
36,-26.729781383602877,-35.76616639225582,-41.03449160414469,5.65625,4.29375,2.953125
37,-25.531603182304384,-32.97083301184085,-38.109222386146854,5.5,4.296302083333333,2.953125
38,-27.317355989470794,-33.002299348031734,-38.71561071063582,5.390625,4.30921875,3.453125
39,-28.191643254660427,-36.20265918887384,-42.248244974756986,5.59375,4.3624479166666665,3.171875
40,-27.049670693834063,-35.61917858585921,-42.04173453745794,5.71875,4.367395833333333,3.140625
41,-25.326763766158926,-33.81698561804433,-40.65664211951487,5.453125,4.325625,3.171875
42,-27.86495613672877,-35.3340544729286,-41.67489318997809,5.640625,4.305104166666666,2.765625
43,-28.628778295735664,-35.88890181528097,-41.8094498992652,5.4375,4.300989583333333,2.859375
44,-28.52533390327091,-34.79730372739029,-41.390356792920315,5.578125,4.274114583333334,3.078125
45,-26.349307913089262,-33.614342774927565,-40.58907690594212,5.421875,4.27515625,3.15625
46,-27.20972559163781,-34.16597664562415,-40.89703857899869,5.578125,4.248177083333333,2.875
47,-24.69565617515874,-33.68569436255531,-41.31245901228576,6.015625,4.311614583333333,3.265625
48,-26.221055968598755,-34.240064392182525,-41.35662073677672,5.484375,4.31671875,3.0625
49,-27.76091027366151,-35.18240437705746,-41.89841752230002,5.375,4.271979166666667,3.109375
50,-27.67073774216892,-35.18585692895403,-41.561529097285586,5.515625,4.2790625,3.0625
51,-27.072696990896883,-34.62266725065656,-41.059374713441,5.5,4.19015625,3.046875
52,-25.19258673590498,-34.01454870249253,-40.554946623227366,5.3125,4.22140625,3.09375
53,-29.475919669194763,-36.364468854717806,-43.05638999991099,5.5,4.208177083333333,3.0
54,-25.38556183296122,-32.758219109381386,-39.891295853408195,5.1875,4.28453125,3.125
55,-24.148962029781252,-33.79619077466729,-39.86279092988332,5.921875,4.2140104166666665,3.0
56,-24.667931331905653,-33.296846850992324,-40.21846581608959,5.640625,4.24265625,2.96875
57,-24.747809538229323,-31.478675857471888,-38.21043854081023,5.65625,4.310260416666667,3.25
58,-27.15478981156968,-35.02179641772172,-41.27622095878677,5.375,4.259635416666667,3.21875
59,-24.951751472149734,-32.78226265133174,-40.01759873873871,5.5,4.281302083333333,3.125
60,-22.21897072407384,-31.52788228527516,-38.100982338954196,5.75,4.338958333333333,3.03125
61,-25.538365304845065,-34.52578132420217,-41.29045634939703,5.5,4.246770833333334,2.9375
62,-23.37366617068461,-29.803449499314283,-37.01444193741061,5.46875,4.29,2.921875
63,-24.16957429635665,-32.17398041266042,-40.62838342595077,5.875,4.2571875,2.953125
64,-25.1197647717244,-33.355238548458615,-41.418162739627164,5.375,4.266770833333333,2.96875
65,-23.081521565847915,-31.057579696790103,-38.86591480107539,5.484375,4.23640625,2.8125
66,-25.677459975708594,-32.07288497114161,-38.958343955172865,5.609375,4.2309375,2.875
67,-27.116039410593718,-34.49996060050167,-39.9373276376609,5.734375,4.163802083333334,2.6875
68,-26.042483906757486,-33.20025532876353,-39.77693842804394,5.375,4.1570833333333335,2.796875
69,-22.494245971936774,-32.750411402412105,-41.701647450283446,5.484375,4.2355729166666665,3.0
70,-25.22745945488631,-33.73073685420977,-42.833060092613664,5.734375,4.204270833333333,2.921875
71,-25.400299514952412,-31.697095462922242,-39.48185565239065,5.484375,4.066927083333334,2.859375
72,-23.918281096933786,-30.41837853600539,-38.19685054003715,5.46875,4.125729166666667,2.828125
73,-24.5661535259717,-31.142168073240004,-38.74801070720078,5.390625,4.188177083333334,2.765625
74,-22.241487506270992,-29.55338312920089,-37.629686713132706,5.578125,4.190364583333333,2.84375
75,-23.687852665981197,-31.519971758829925,-39.275738505606725,5.765625,4.136927083333333,2.828125
76,-22.582344396899213,-31.50078434762973,-39.699465167079794,5.296875,4.119166666666667,3.0
77,-23.032854587288455,-30.537317913624786,-39.726684011834735,5.359375,4.111302083333333,2.984375
78,-22.33139595000872,-29.046312706653133,-37.05163488380778,5.5,4.0832291666666665,2.875
79,-22.536802607122546,-29.949311103266755,-37.84613076591049,5.234375,4.0259375,2.953125
80,-21.78572429867509,-29.55575007081015,-37.12175576861462,5.4375,4.060416666666667,2.890625
81,-24.916483656187136,-31.98317719203418,-38.59803940154016,5.140625,4.046302083333333,3.140625
82,-23.22913394758563,-29.843436562817647,-36.792940216544594,5.328125,4.05234375,3.015625
83,-23.167339225156926,-31.035834587139888,-37.50006509827412,5.234375,4.066197916666667,2.90625
84,-23.737095689392017,-29.848194456753166,-38.10831862758133,5.28125,4.055677083333333,2.9375
85,-20.786111469437973,-30.355797016929657,-37.89077260698251,5.65625,4.093072916666666,2.59375
86,-23.62689496107707,-30.436404324431702,-37.8955209409617,5.875,4.0659375,2.984375
87,-24.543677087051492,-30.470552091395565,-38.036575964195656,5.3125,4.091145833333333,2.921875
88,-23.34180230875582,-28.88445321744511,-36.69978122123618,5.15625,4.04109375,2.953125
89,-21.722048406535013,-28.11507241712966,-35.072703466925034,5.71875,4.002552083333334,2.796875
90,-22.336139433991388,-29.38833317881688,-37.35661069507972,5.5,3.9861458333333335,2.84375
91,-20.620923551597116,-28.07129886966525,-35.183780298361064,5.21875,3.9286979166666667,2.96875
92,-20.346550891209965,-28.456519712063248,-35.02436781993289,5.09375,3.9002083333333335,2.75
93,-20.68090617307109,-27.68662042387445,-34.20833976176146,5.296875,3.94515625,2.6875
94,-21.56538185028314,-27.507623788192124,-35.4738867268978,5.5625,3.9226041666666664,2.671875
95,-19.051404755329497,-25.70307202429667,-34.638881640938436,5.03125,3.801041666666667,2.5625
96,-23.108466280213307,-29.694031190391453,-38.027612945644876,5.40625,3.8565104166666666,2.75
97,-18.58148397991693,-25.54544414859527,-33.18700806925785,5.1875,3.64734375,2.5625
98,-19.23336284769932,-25.997501483286534,-33.632104761260905,5.3125,3.82640625,2.6875
99,-16.9918199177058,-24.29364783560102,-31.411759838364667,5.328125,3.7235416666666667,2.5625
100,-20.90515285595356,-26.963400656326982,-35.069481526554036,4.875,3.81109375,2.703125
101,-20.59776900933391,-26.286338161180094,-33.580231989317205,5.390625,3.8199479166666666,2.640625
102,-21.912512416623834,-27.143899012252856,-33.95531048078671,5.25,3.7759895833333332,2.484375
103,-21.89739833413021,-27.12262527271274,-35.82354479608945,5.03125,3.784895833333333,2.5625
104,-22.060930981565182,-27.522321984344003,-35.7971233816559,5.25,3.8438020833333333,2.6875
105,-23.004045774335484,-28.51796009871652,-35.08995913176807,5.375,3.900729166666667,2.921875
106,-21.96926999331417,-27.283562572365163,-34.34841399390557,5.28125,3.84140625,2.4375
107,-16.797794824159798,-22.665971224582947,-30.520177928035935,5.328125,3.85953125,2.71875
108,-22.848057091244417,-28.51386920440144,-37.44060973082311,5.59375,3.87265625,2.75
109,-19.399473122582275,-26.361220589231536,-33.83033454821701,5.1875,3.8446875,2.828125
110,-20.062919042386394,-25.535266946763148,-32.51825656473915,5.140625,3.814114583333333,2.359375
111,-18.694308814903863,-23.92468887538086,-30.339410275852575,5.34375,3.78578125,2.65625
112,-18.082729341041418,-24.02348300583509,-31.848229480323344,5.1875,3.764479166666667,2.671875
113,-21.50146456988412,-26.719280551942276,-36.986756046465544,5.5625,3.8727604166666665,2.6875
114,-21.07702676347285,-26.978323247446404,-34.07810725253783,5.5,3.778125,2.734375
115,-20.71399645378174,-26.98758076815209,-34.38332729427417,5.84375,3.7968229166666667,2.703125
116,-17.407611975400002,-24.28798163056946,-32.442741127950704,5.21875,3.7896354166666666,2.640625
117,-20.262949472700353,-25.565770149140135,-32.05764282777987,5.390625,3.72859375,2.53125
118,-17.198334747408385,-23.22355659726778,-30.125137777220026,4.984375,3.6683854166666667,2.5
119,-19.136133367055944,-24.213778104737216,-31.384519447452863,4.96875,3.640364583333333,2.625
120,-20.59873902398837,-25.76696936498156,-37.39731753958091,5.15625,3.7231770833333333,2.5625
121,-18.82223481051657,-24.11004073984483,-29.928039080128787,5.609375,3.7445833333333334,2.796875
122,-17.908861552909784,-23.29227052313058,-30.313112856958213,5.03125,3.63140625,2.5625
123,-19.817962763441574,-25.39035962506029,-33.17451998837314,4.859375,3.613072916666667,2.421875
124,-19.51369146203556,-25.05214531345227,-31.254245919815883,4.828125,3.5692708333333334,2.40625
125,-17.36000202093136,-23.635511223320723,-30.949110677700318,5.546875,3.5066145833333335,2.609375
126,-21.441366919545153,-26.554166920194294,-31.760371080213645,4.90625,3.5226041666666665,2.53125
127,-18.67006755481217,-23.058184667646596,-32.34326596207261,4.796875,3.3959895833333333,2.359375
128,-17.79563479888809,-22.71748737296305,-28.27624833925631,4.71875,3.47609375,2.4375
129,-17.28552936742402,-21.15044626807236,-29.676554063745616,4.875,3.422135416666667,2.453125
130,-17.817121912928716,-23.42799468775795,-34.3331892030148,4.859375,3.3902083333333333,2.484375
131,-14.040021440654462,-18.5802627752823,-27.54347546771873,4.671875,3.3636979166666667,2.5
132,-17.69842911348862,-22.8700632225123,-29.925442090143566,4.46875,3.3831770833333334,2.375
133,-16.017117572357158,-21.236473099207384,-28.336505613362682,4.671875,3.33984375,2.40625
134,-18.772703033063465,-23.387884454979925,-29.712215223917912,4.484375,3.204270833333333,2.390625
135,-16.879691452421422,-20.813888829462613,-25.68054803282675,4.375,3.3218229166666666,2.296875
136,-18.849052439701985,-23.829815764032325,-30.302649473930963,4.8125,3.36125,2.5
137,-17.962372123936174,-23.065788304234236,-30.39071498441999,4.5625,3.335729166666667,2.34375
138,-16.942866984969967,-21.6054461050567,-27.03043260637349,4.34375,3.32375,2.4375
139,-16.52543735959762,-20.77825284865336,-28.68402147081311,4.84375,3.31328125,2.484375
140,-17.755559155865,-22.598193160641248,-30.312135427604154,4.71875,3.354375,2.40625
141,-19.861636776621225,-24.458456445211866,-29.84528566584295,4.59375,3.2509375,2.5
142,-17.164982351796162,-21.242828418831166,-27.108582730485026,4.734375,3.2468229166666664,2.328125
143,-17.051893734576037,-20.86249871556465,-27.326412607911223,4.296875,3.2951041666666665,2.453125
144,-18.211290854412255,-22.022428620980623,-27.8115528663766,4.8125,3.247239583333333,2.375
145,-15.874910012989176,-19.470681535281038,-25.56234337247497,4.453125,3.242395833333333,2.46875
146,-17.230982622215738,-21.69659376757629,-27.723766486021965,4.9375,3.3043229166666666,2.40625
147,-16.765736624338277,-20.092136030272606,-25.75948531926824,4.390625,3.2400520833333335,2.46875
148,-14.304895306133005,-18.434809551021473,-26.66679274060973,4.375,3.2661979166666666,2.421875
149,-17.580234352654497,-21.652518134120047,-28.74515012724745,4.515625,3.2652083333333333,2.359375
150,-17.98986761603093,-21.552396098029302,-26.660140580212897,4.15625,3.20140625,2.484375
151,-16.775769546441044,-20.706559775255514,-30.289316697323926,4.671875,3.2177083333333334,2.328125
152,-17.144089784153326,-20.32420915470475,-25.801541468314177,4.328125,3.1675520833333333,2.3125
153,-15.304336381795876,-19.06130927517057,-24.60343430144556,4.015625,3.1015104166666667,2.40625
154,-19.426611080614922,-22.359192688946415,-31.476758180845465,4.5,3.11765625,2.421875
155,-14.376455577385737,-17.77809155248156,-22.31720728087931,4.59375,3.205625,2.453125
156,-13.971503012577365,-17.232080518748976,-23.04012546186126,4.390625,3.0676041666666665,2.21875
157,-19.54912120414624,-23.24168061581804,-28.062692254565977,4.265625,3.0377604166666665,2.21875
158,-17.5582353360514,-21.714561938362465,-27.98702400033541,4.34375,3.0853125,2.328125
159,-16.93268754067259,-21.275783029819433,-26.924512983793644,4.40625,3.2508854166666667,2.453125
160,-15.413066678860792,-19.10903867390732,-24.499883594084924,4.59375,3.1790625,2.296875
161,-18.534549957039644,-22.36598882578475,-27.00823725394152,4.484375,3.1978645833333332,2.359375
162,-18.326297476964715,-21.3271868840723,-26.58412068864288,4.46875,3.20296875,2.4375
163,-17.21221788615023,-20.604170373082148,-26.045635777375843,4.875,3.334322916666667,2.4375
164,-16.953324662773085,-20.524943618215488,-26.492688587445926,4.421875,3.3094270833333335,2.46875
165,-15.403888229597488,-18.625730952907723,-27.07589852486167,4.234375,3.24734375,2.484375
166,-15.67925622667078,-19.28766636702958,-23.906473258034488,4.625,3.279427083333333,2.484375
167,-17.837817652670616,-21.017975279366023,-25.9149038118335,4.359375,3.2295833333333333,2.375
168,-13.201147995332065,-19.05438397991312,-24.085320311935483,4.28125,3.303125,2.5625
169,-15.020279587284513,-19.076362261273697,-24.27198663658887,4.140625,3.1836458333333333,2.46875
170,-13.852715285839128,-17.90457269401437,-25.052922961437066,4.65625,3.3124479166666667,2.5
171,-16.141406171408708,-19.19613550538595,-24.745704466977887,4.40625,3.2994270833333332,2.53125
172,-15.384918587320373,-18.650694681416894,-22.764602500649698,4.4375,3.234375,2.4375
173,-19.717175659164266,-22.690707987145263,-25.817234200143833,4.1875,3.3328645833333335,2.625
174,-15.902741069222024,-19.228727524481265,-24.166664370311427,4.6875,3.4327083333333333,2.640625
175,-13.825854372322086,-17.197013607271696,-21.063258771458038,4.53125,3.38265625,2.546875
176,-16.893454083824754,-20.234952553181436,-24.466199147962836,4.609375,3.38125,2.59375
177,-15.892499029112274,-18.955618961754734,-24.159777444679104,4.515625,3.3813541666666667,2.59375
178,-19.807167310252215,-22.8230619323972,-26.988450911450258,4.984375,3.4881770833333334,2.453125
179,-17.341735962702096,-21.8126596440422,-27.308779916982967,5.0,3.448958333333333,2.515625
180,-19.237551345745153,-22.315528105145876,-27.955887845036326,4.75,3.413125,2.5
181,-20.657676801676423,-23.836554860528363,-28.440826267123587,4.265625,3.3041145833333334,2.46875
182,-16.39830341460219,-19.535715801495364,-26.013961064391275,4.5625,3.3536979166666665,2.484375
183,-16.135017026035023,-19.513224763472778,-22.496556728269923,5.0,3.3380729166666665,2.34375
184,-17.1352737691406,-19.88474338269867,-23.591328589372445,4.84375,3.4375,2.484375
185,-14.346919244428944,-17.84372797275347,-24.181750017360926,4.859375,3.4086458333333334,2.5
186,-12.89428732549401,-17.385077975143542,-23.237478376318418,4.765625,3.40484375,2.328125
187,-15.103490241069396,-18.09735833712569,-22.021117452719757,4.65625,3.4353125,2.59375
188,-15.564944364591396,-19.615468527260244,-23.3034393083971,4.359375,3.25828125,2.40625
189,-16.628170582206433,-19.7317699770271,-24.31998984950943,4.15625,3.3488541666666665,2.5625
190,-15.356487287489376,-18.607295669452625,-22.771243696140203,4.515625,3.2999479166666665,2.46875
191,-17.089680283948418,-20.361556870997642,-24.914917027665062,4.296875,3.3245833333333334,2.484375
192,-15.536833275375237,-19.225300233051815,-23.740839276371965,4.5,3.3178125,2.421875
193,-16.725703887023684,-19.94822699073301,-23.470348540632095,4.375,3.373854166666667,2.453125
194,-14.860644786557692,-17.978733369293284,-22.84691899939068,4.53125,3.2953645833333334,2.453125
195,-14.208381932153317,-17.5189526841236,-21.36139106583888,4.5625,3.4183333333333334,2.515625
196,-14.344632310680495,-18.03099507199885,-24.474933142905897,4.578125,3.3753125,2.640625
197,-16.836724758741557,-21.6562751584655,-26.463350047574156,4.59375,3.351770833333333,2.546875
198,-14.496485784784896,-17.65545434122739,-22.186947971309017,4.859375,3.37203125,2.46875
199,-15.269597227740482,-18.269613251925968,-21.990138226865785,4.90625,3.3105208333333334,2.4375
200,-17.333983310942664,-20.710613127325146,-26.38749149090357,4.6875,3.3604166666666666,2.40625
201,-15.039340337884234,-17.84623407183767,-23.168993549734935,5.0625,3.3832291666666667,2.5625
202,-13.3267398613114,-16.418185832126213,-20.13765252801966,4.328125,3.38484375,2.609375
203,-18.938793031250064,-21.753851444231564,-25.840383585689423,4.75,3.41140625,2.6875
204,-17.58291383580955,-21.154024437502766,-25.701847356677423,4.40625,3.3025520833333335,2.390625
205,-13.973890906974319,-17.089834576284503,-21.233289445780017,4.46875,3.3753125,2.515625
206,-13.871313582711725,-17.132969372966436,-20.738635619304915,4.21875,3.27671875,2.484375
207,-16.14664788178599,-19.06708445929041,-23.44341213172488,4.375,3.3241666666666667,2.515625
208,-15.182265657818961,-17.914356571639285,-21.98712324469342,4.71875,3.4288541666666665,2.640625
209,-14.818477699436109,-18.348076102729348,-24.310330932705178,4.375,3.4453645833333333,2.625
210,-16.845134850855423,-19.702037628858637,-24.10545747361858,4.640625,3.3715104166666667,2.4375
211,-15.142336671854169,-18.91475636480704,-24.70899639260425,5.0,3.44453125,2.671875
212,-16.207768544822358,-19.71381091229953,-25.40859800706908,4.703125,3.4995833333333333,2.53125
213,-19.367821973976977,-21.906794555309382,-26.492362033636354,4.390625,3.4027604166666667,2.390625
214,-17.601746377752722,-21.373814422820754,-25.737103730194285,4.6875,3.55,2.5625
215,-16.304422725659585,-19.25712323618272,-23.179030075663874,4.5625,3.4281770833333334,2.40625
216,-15.779086785443242,-19.739524561521176,-23.190650048344562,4.546875,3.54109375,2.71875
217,-17.453732178745838,-20.04932603228918,-23.835708953757187,5.0,3.52875,2.5625
218,-15.984944923382063,-18.951545951081457,-23.705779553565577,4.8125,3.5594270833333335,2.671875
219,-14.87770705991204,-17.808119872035107,-22.035820416447564,4.6875,3.50203125,2.640625
220,-15.911823560450422,-19.320946336738846,-23.035317344993317,4.390625,3.494010416666667,2.625
221,-14.102742884436532,-16.99707298833028,-22.471955086369185,4.6875,3.5207291666666665,2.65625
222,-14.498814328961908,-17.883324035192615,-24.42661641195845,4.40625,3.54296875,2.578125
223,-17.99297803728207,-21.10169277229567,-24.62611064341529,4.859375,3.4941145833333334,2.59375
224,-16.069661959662454,-18.822537906192846,-21.810913150999156,4.625,3.53453125,2.6875
225,-16.195136791880955,-19.316621588921272,-22.38931584871654,4.609375,3.4829166666666667,2.640625
226,-15.423417966751261,-18.33166160963615,-23.390381795361748,4.5625,3.5834375,2.703125
227,-15.959109532609373,-19.19153190983585,-22.91808959678815,4.65625,3.511041666666667,2.6875
228,-14.712496267757025,-18.22491016884406,-21.638201785252896,4.75,3.61734375,2.625
229,-16.284881421582032,-18.497411714680922,-23.21433199904231,4.984375,3.6015625,2.84375
230,-14.791287764423311,-18.09730117125061,-21.77017532011603,5.046875,3.6234375,2.609375
231,-14.837658685067892,-17.51561743007263,-20.529309728523327,4.46875,3.4938541666666665,2.578125
232,-14.792659661121716,-17.755592144338202,-21.437545850808363,4.5,3.488020833333333,2.703125
233,-17.51619510955923,-19.92683472663616,-24.001599554996485,4.484375,3.50921875,2.609375
234,-13.033715675889926,-16.0883703808325,-19.3070637695255,4.765625,3.54859375,2.703125
235,-13.914222121228365,-16.960331345746475,-20.194506402168045,4.546875,3.57453125,2.671875
236,-16.499982273060507,-19.43621606588919,-22.810650073957977,4.5,3.513802083333333,2.4375
237,-14.315824385123893,-17.843547208008324,-21.86004928409056,4.546875,3.579947916666667,2.640625
238,-16.31371985004165,-18.88093131106197,-21.709473917050108,4.78125,3.6275,2.75
239,-15.075154661426186,-18.80046263548071,-23.88888784200175,4.5,3.54578125,2.734375
240,-12.59560669966693,-15.592614104893421,-19.543576376286367,4.59375,3.5942708333333333,2.671875
241,-14.831656751078851,-17.73220022042013,-20.90942358784683,4.421875,3.47046875,2.65625
242,-13.659973173976415,-17.47913855825505,-21.201720723099058,4.4375,3.526875,2.5625
243,-15.106164239355737,-18.24961564843659,-21.31837407298773,4.578125,3.5463541666666667,2.6875
244,-14.710534974000621,-17.72477412130729,-21.00227242517321,4.75,3.5353125,2.5
245,-15.95560871918767,-19.638920264285428,-23.190827191672966,4.515625,3.5621875,2.84375
246,-12.921260372229161,-16.01006975600102,-19.004523428775716,4.625,3.5478645833333333,2.6875
247,-15.95887969386225,-19.840507017623384,-24.857569331735508,4.578125,3.4896354166666668,2.828125
248,-15.681855626596084,-19.37340252901607,-22.221214109867244,4.515625,3.544791666666667,2.703125
249,-15.47275220590238,-18.319371433714906,-22.37171958556614,4.78125,3.6843229166666664,2.859375
250,-14.459543812353122,-17.83181813162509,-21.951128601670245,4.78125,3.545729166666667,2.671875
251,-12.633168801033088,-16.301944574056215,-20.11315164696106,4.640625,3.527083333333333,2.8125
252,-12.15151875505893,-16.741088557066224,-21.073784531482172,4.40625,3.5416145833333332,2.609375
253,-13.794024518550428,-17.08830830650234,-20.750518010266493,4.4375,3.53421875,2.8125
254,-14.254999632196323,-17.813284999890335,-22.36473134388939,4.5625,3.49046875,2.609375
255,-14.317196102186891,-17.922984341851066,-21.303854805982176,4.8125,3.419583333333333,2.578125
256,-11.713773239123643,-16.206588361484556,-20.268096072309284,4.625,3.4105208333333334,2.609375
257,-14.049433480573496,-16.702426035706626,-19.5538558238237,4.421875,3.4840625,2.609375
258,-14.671562271762003,-18.051208463766315,-21.92593439696941,4.5625,3.4974479166666668,2.671875
259,-11.93085008636746,-15.76976404459469,-19.55202309808412,4.40625,3.3831770833333334,2.5625
260,-12.152850687280067,-15.937132812476168,-19.35968015612111,4.421875,3.2600520833333335,2.4375
261,-13.361809732447824,-17.025311406875304,-20.635813475194013,4.546875,3.33171875,2.640625
262,-12.874158908281064,-16.4471053903291,-20.37402324073723,4.375,3.2983333333333333,2.546875
263,-13.266191016238672,-17.05024864082722,-23.417406438691504,4.40625,3.2832291666666666,2.34375
264,-12.472706879871442,-15.110497981740476,-17.97477643979156,4.375,3.2748958333333333,2.546875
265,-11.934759449141891,-15.21573688273913,-19.378460722811457,4.171875,3.2786458333333335,2.484375
266,-13.814727703661845,-16.690328406380335,-19.813169173516982,4.359375,3.37265625,2.5
267,-13.292048339640553,-17.098672879835586,-20.383173647639556,4.265625,3.3081770833333333,2.453125
268,-12.38775771489381,-15.574318891146937,-18.761776392459794,4.40625,3.320520833333333,2.40625
269,-13.155160587889792,-16.17654761910421,-19.689265836150142,4.265625,3.2425,2.234375
270,-11.315133018290437,-15.489306869947447,-19.431209063183623,4.625,3.3261979166666666,2.53125
271,-13.16613041764752,-16.19215008747295,-19.79723646478731,4.234375,3.2729166666666667,2.40625
272,-12.674820720150853,-16.500579112135217,-20.318097634074686,4.609375,3.3988541666666667,2.5
273,-15.098807300807618,-18.73073674341606,-22.577392136749754,4.03125,3.2447395833333332,2.453125
274,-11.175261724404418,-15.297647397528022,-18.969690264908955,4.15625,3.1849479166666668,2.46875
275,-15.594426388656746,-18.056541784670983,-21.51665153179759,4.375,3.17390625,2.5
276,-12.959397510513757,-16.244042626306957,-19.586599657076302,3.953125,3.2546354166666664,2.53125
277,-13.775787611179554,-17.04163958665806,-20.5966836502532,4.171875,3.1142708333333333,2.421875
278,-9.404226486442564,-13.792810671589674,-17.97439383401679,4.4375,3.1488541666666667,2.296875
279,-14.057341697458744,-17.533191332954708,-22.17994345147504,4.078125,3.1802083333333333,2.390625
280,-12.229598682517821,-16.14676297416294,-19.94035296506808,4.0625,3.0897916666666667,2.3125
281,-11.60977325300558,-15.133775157753128,-19.467207143259586,4.140625,3.0781770833333333,2.421875
282,-9.652759724836656,-13.345385650089758,-18.399795296507094,3.8125,2.96234375,2.296875
283,-8.750831850949151,-13.278726237114634,-18.464244036090573,3.625,2.840052083333333,2.203125
284,-13.17207090783977,-15.935505264807283,-20.120995191081867,3.78125,2.976770833333333,2.328125
285,-10.662600351420467,-13.667182303955354,-16.879342267059776,3.6875,2.8233333333333333,2.265625
286,-13.941809563610251,-17.327601658621653,-21.467184751917785,3.9375,2.849270833333333,2.328125
287,-9.950701027545254,-12.811460116504287,-17.040517035125543,3.71875,2.7277604166666665,2.234375
288,-12.92811244025365,-15.860955746302034,-22.00836015152066,3.515625,2.763333333333333,2.203125
289,-12.919264977993516,-15.62873464091945,-20.12210445092105,3.515625,2.7935416666666666,2.328125
290,-9.418789206185746,-12.164308766885995,-16.880862051811924,3.421875,2.686822916666667,2.171875
291,-12.958972442507418,-16.067323137299386,-21.014490964561016,3.46875,2.718125,2.203125
292,-10.13735474956673,-12.674975177980118,-16.678854782045285,3.65625,2.6903645833333334,2.15625
293,-9.393977706218125,-11.915227825514382,-14.73309577403816,3.46875,2.6767708333333333,2.15625
294,-10.016488462689445,-13.526120296050067,-18.68039709171796,3.296875,2.5907291666666667,2.078125
295,-8.4779136457408,-11.173749854152014,-15.039332581338774,3.453125,2.67375,2.125
296,-11.873463238622447,-14.970021761276703,-18.217469983329575,3.296875,2.6156770833333334,2.171875
297,-8.457430183119596,-10.980236360288115,-14.332245980273916,3.4375,2.6845833333333333,2.15625
298,-9.110197677830998,-12.147451679574084,-16.467544833344416,3.65625,2.5434895833333333,2.0625
299,-13.184808797269225,-15.692906523975648,-19.259758047897456,3.53125,2.5452083333333335,2.125
300,-11.260070949576482,-13.574034363755407,-16.59791694802506,3.4375,2.70203125,2.15625
301,-9.437260675599795,-12.8371791444278,-16.988489705958102,3.296875,2.6774479166666665,2.15625
302,-8.255804692630601,-10.897532243610195,-16.196462756158127,3.53125,2.595833333333333,2.171875
303,-14.000699629085387,-16.98309154944172,-20.68473654220081,3.84375,2.68734375,2.1875
304,-11.823784203478956,-14.59153391865963,-18.49858525219052,3.4375,2.6724479166666666,2.1875
305,-11.481739205261771,-13.886550337994255,-17.12017670222123,3.203125,2.621770833333333,2.15625
306,-11.758475631580957,-14.043252655877396,-17.71009971958138,3.5,2.6694791666666666,2.203125
307,-10.727620048271273,-13.501653925555935,-16.926598543537906,3.546875,2.6921354166666664,2.15625
308,-12.34142083369375,-15.49561838223142,-18.27034308699431,3.59375,2.7348958333333333,2.1875
309,-10.92117139947214,-13.899319272576571,-18.003403268941295,3.484375,2.6328645833333333,2.109375
310,-11.229487516995903,-13.812957612860679,-17.67400082623102,3.4375,2.6016666666666666,2.078125
311,-11.366523206653467,-14.042214522129452,-18.526058999892093,3.46875,2.6172395833333333,2.140625
312,-7.600988457742954,-10.126055199143739,-13.18963737487553,3.078125,2.43515625,2.078125
313,-10.555549946810153,-12.702237177057274,-15.89281365533414,3.265625,2.5750520833333335,2.1875
314,-10.882394174773601,-13.177790387708907,-17.83052630416811,3.25,2.56703125,2.140625
315,-13.117911934870873,-16.476502532762492,-19.154100114838055,3.359375,2.676458333333333,2.234375
316,-9.00686416893247,-11.644752304272854,-15.021777368158054,3.4375,2.6304166666666666,2.15625
317,-10.47391945356425,-12.679295489951937,-16.311675619685104,3.34375,2.6583854166666665,2.171875
318,-11.384136472275049,-14.13097548278735,-17.027108356772917,3.4375,2.6821875,2.265625
319,-11.88733399700404,-14.599627775204702,-20.17248730411472,3.359375,2.6797916666666666,2.15625
320,-13.182236160732959,-15.87543905295509,-19.075040604895644,3.40625,2.7283333333333335,2.125
321,-9.863799736273124,-12.938971980510034,-15.727745159695411,3.453125,2.7309895833333333,2.171875
322,-13.429529728479514,-15.740165947372091,-18.178802319083616,3.703125,2.7930729166666666,2.21875
323,-10.133790513680989,-12.31255887333844,-15.934468935018984,3.359375,2.5933333333333333,2.171875
324,-10.83231017005207,-13.07863305659866,-16.221558072810684,3.5625,2.7322395833333335,2.09375
325,-9.69044233997064,-12.171087034450657,-15.681731598678246,3.453125,2.6675520833333333,2.25
326,-12.39481012564015,-14.809063025312769,-17.29641092463995,3.5,2.8224479166666665,2.3125
327,-12.793333153446401,-14.746850620932715,-18.030180240735397,3.328125,2.7572916666666667,2.25
328,-8.751563478170837,-12.052892891290986,-15.710007802923844,3.3125,2.648645833333333,2.21875
329,-9.36020799707276,-12.03434314475296,-16.225084610668816,3.375,2.6302083333333335,2.203125
330,-9.644338543739218,-12.105761818779369,-15.246704746454437,3.265625,2.579947916666667,2.203125
331,-9.166045677732129,-11.960232832694953,-16.911265592675502,3.296875,2.6102083333333335,2.171875
332,-13.31475494892724,-15.313638149686287,-17.41643934203017,3.421875,2.686354166666667,2.234375
333,-10.05044536548903,-13.244644186386497,-16.9294342852495,3.546875,2.64328125,2.15625
334,-11.366185517218883,-13.929796368991987,-18.662288570431038,3.640625,2.61484375,2.171875
335,-10.758809211857747,-13.707052832438142,-18.591097753941945,3.34375,2.6434895833333334,2.234375
336,-11.580547459170344,-14.415653762623952,-19.74322097951045,3.390625,2.7146875,2.234375
337,-13.191232558958914,-15.313841086235186,-18.47908348483871,3.390625,2.7126041666666665,2.328125
338,-9.998008420749402,-12.690618944182637,-18.22944837777001,3.265625,2.6660416666666666,2.265625
339,-7.35622212012472,-10.699564760907592,-14.716804778177274,3.53125,2.704270833333333,2.28125
340,-11.80682203766071,-13.852482285142663,-16.31442523135179,3.296875,2.5702083333333334,2.09375
341,-10.443790342756214,-12.780233622481736,-16.121098421191633,3.46875,2.67796875,2.15625
342,-12.849648443655168,-15.429632896793894,-19.06460512685869,3.421875,2.72046875,2.28125
343,-11.008344056890389,-13.565031798422321,-18.732662847598448,3.5625,2.7278125,2.25
344,-11.035794278377066,-13.259854091026853,-17.454368967078594,3.34375,2.6729166666666666,2.1875
345,-8.87260973616223,-11.943000820064576,-17.17599288475458,3.375,2.6167708333333333,2.171875
346,-7.996355001619554,-10.86714957273449,-14.514110761773276,3.234375,2.575625,2.15625
347,-10.810499246263214,-13.356389714291234,-16.732980859804673,3.375,2.581875,2.15625
348,-11.729866470092846,-14.387641855079453,-18.185844207958123,3.203125,2.5675,2.1875
349,-12.082802505753019,-14.202912410983666,-17.957986352948172,3.46875,2.6305729166666665,2.21875
350,-8.98294451831406,-10.849378608976737,-15.074167320577523,3.15625,2.5591145833333333,2.046875
351,-10.037426943532926,-12.599283807071656,-15.890286283834094,3.1875,2.615,2.15625
352,-12.77099414013903,-14.924562466399488,-17.263040198584708,3.390625,2.7041145833333333,2.171875
353,-11.615790827484588,-13.97639895793538,-16.972512776148225,3.453125,2.659010416666667,2.234375
354,-12.011590263697064,-14.634400213358818,-17.427161949581944,3.453125,2.6632291666666665,2.25
355,-11.442913908560051,-13.341001366096734,-16.73107483162756,3.1875,2.6592708333333333,2.15625
356,-8.874056001575017,-11.339056004786073,-15.944728071332955,3.5,2.5708333333333333,2.125
357,-11.807746760226893,-14.084973310938297,-17.477783434488583,3.4375,2.6883854166666667,2.1875
358,-9.632151593630471,-12.389796262884106,-15.848716980458024,3.328125,2.641875,2.21875
359,-9.495930394730316,-12.67966919964013,-16.51526382512368,3.375,2.65234375,2.171875
360,-10.908364830752532,-13.297754261654564,-17.63573064872734,3.125,2.6067708333333335,2.1875
361,-8.440261392145242,-10.791226809582852,-13.33200055859042,3.4375,2.6913541666666667,2.25
362,-10.237225559755347,-12.651154269445726,-15.606403932205543,3.1875,2.66796875,2.234375
363,-15.234121536437657,-17.49968671387471,-19.770844414470297,3.328125,2.6663020833333335,2.1875
364,-10.19030238409405,-12.429045198258953,-16.758869738005572,3.421875,2.7188541666666666,2.234375
365,-9.437912543001353,-12.072772693628082,-16.401535747979096,3.40625,2.6993229166666666,2.234375
366,-13.469872315481055,-15.924769586925095,-19.351877173312822,3.703125,2.7671354166666666,2.078125
367,-11.57943014503403,-14.583397840941089,-18.054413682602068,3.484375,2.833177083333333,2.203125
368,-14.648941539189705,-17.05202614531655,-19.665572798788354,3.71875,2.9045833333333335,2.328125
369,-12.194357165011539,-14.55912119107884,-18.82620137780644,3.625,2.73,2.203125
370,-12.145454479423634,-14.836309809524291,-18.024138677197506,3.53125,2.8036979166666667,2.21875
371,-11.744317290343611,-14.203726420113634,-17.796151610896885,3.625,2.8485416666666667,2.390625
372,-10.382281496017479,-13.144785022725124,-17.271150264216825,3.390625,2.7734895833333333,2.1875
373,-9.92274709091375,-12.476149053287884,-15.836473175950983,3.546875,2.7704166666666667,2.328125
374,-9.481168642847173,-11.94224527176182,-15.431631925921598,3.40625,2.621302083333333,2.171875
375,-11.323702373078506,-13.45106893957119,-17.14208117164121,3.375,2.74953125,2.25
376,-12.955361481507744,-15.719216142053037,-19.38673647548599,3.46875,2.75421875,2.28125
377,-10.264948773382663,-12.141524727647466,-16.224137668027915,3.171875,2.57890625,2.09375
378,-13.36808154169713,-15.34062582771177,-17.803883642765378,3.609375,2.8269270833333335,2.359375
379,-13.140038526011596,-15.629724491459232,-19.6737927423129,3.359375,2.6584375,2.234375
380,-13.044660614614573,-15.141476272607079,-18.110489965105447,3.4375,2.7280208333333333,2.296875
381,-10.520560108229597,-13.110175699905689,-17.325474053972606,3.5,2.78640625,2.296875
382,-9.14333829165179,-11.073983580604398,-14.114248219402459,3.421875,2.6896875,2.21875
383,-11.92385577340518,-14.36770307075377,-17.291097102328813,3.203125,2.5290104166666665,2.125
384,-10.677702932732377,-12.983637068270443,-17.479451975398273,3.15625,2.6152604166666666,2.1875
385,-10.52941886624635,-12.972883944569897,-16.743741651291177,3.203125,2.5668229166666667,2.09375
386,-10.571673005059562,-12.8438603509124,-16.41312775353979,3.40625,2.713229166666667,2.140625
387,-10.657687103577262,-12.850642007478577,-15.733391445614242,3.46875,2.764479166666667,2.21875
388,-9.92459996180974,-12.22554133876418,-14.809186055566288,3.421875,2.6098958333333333,2.15625
389,-11.553813924312633,-13.824347034162463,-17.96270080788596,3.5,2.7746875,2.234375
390,-13.152042891912819,-15.169211583554395,-18.849457607955124,3.3125,2.80109375,2.25
391,-12.54822326036451,-14.550607805142633,-17.62544843766434,3.328125,2.6692708333333335,2.25
392,-10.4900246281542,-12.927057685310661,-15.790108748363124,3.578125,2.71984375,2.203125
393,-12.095478617394008,-14.323187154200562,-17.95354726629978,3.484375,2.7275,2.265625
394,-10.775065653853936,-13.002711836598053,-17.105756114808134,3.421875,2.714166666666667,2.28125
395,-10.112812446484757,-12.335740404966971,-15.539698095159823,3.375,2.7328645833333334,2.203125
396,-11.26436089145427,-13.693038155162034,-16.57652182681006,3.296875,2.58734375,2.125
397,-12.266345344913052,-14.365473347248669,-17.435976115362518,3.625,2.691197916666667,2.28125
398,-8.685830837789076,-10.902501765748609,-14.543833772123442,3.5625,2.6886979166666665,2.203125
399,-11.34396955672989,-13.111830057610828,-16.342877650876783,3.40625,2.7061979166666665,2.1875
400,-13.049814895835786,-15.295466217411413,-18.696813307616225,3.59375,2.6966666666666668,2.265625
401,-9.52695027449052,-11.512251996735761,-14.479271742237149,3.4375,2.69171875,2.21875
402,-10.17753409015594,-12.310762501281955,-15.465582327448878,3.140625,2.5813020833333336,2.140625
403,-11.741962460586668,-13.948543493801841,-17.370840948161707,3.265625,2.7090104166666666,2.21875
404,-8.898475310427596,-11.42198862408301,-15.271170712344892,3.421875,2.697135416666667,2.28125
405,-9.317480320516257,-11.360685185000495,-14.537819267908874,3.828125,2.7963541666666667,2.28125
406,-13.64765728950566,-15.890326250334866,-18.998932280767523,3.359375,2.7594791666666665,2.265625
407,-11.86966493577783,-14.17215794186207,-16.682190496150437,3.53125,2.72546875,2.09375
408,-9.569435958931773,-11.655653419946672,-16.124198714517846,3.6875,2.70546875,2.265625
409,-8.727770662080614,-11.001668669468767,-14.223513041952344,3.65625,2.78890625,2.28125
410,-10.899799845392947,-13.19038710680674,-16.528330267529498,3.25,2.6011979166666666,2.234375
411,-7.697929596445349,-10.022078706223798,-13.242423456571453,3.125,2.5642708333333335,2.15625
412,-10.208570791444027,-12.014672114612267,-15.962440992077148,3.09375,2.57015625,2.1875
413,-8.39791098666937,-10.191221494901855,-13.732914365882763,3.3125,2.637864583333333,2.25
414,-12.241423284517925,-13.844693508685493,-15.852015162181704,3.234375,2.605677083333333,2.15625
415,-9.805751268055323,-11.877017075243703,-16.929564052370814,3.265625,2.5230208333333333,2.140625
416,-7.388898705229273,-9.769268243310217,-13.49911736693056,3.203125,2.511875,2.109375
417,-9.647406786738797,-12.105742389051725,-14.971897623922052,3.15625,2.5063020833333334,2.140625
418,-9.84135427923298,-12.126301268877096,-15.089492784855121,3.046875,2.5560416666666668,2.125
419,-10.6189674434884,-12.652716397390815,-15.91175758032502,3.21875,2.6119270833333332,2.15625
420,-8.878354172140028,-12.604755021997441,-16.175551629805398,3.40625,2.804427083333333,2.21875
421,-15.08877890531642,-17.284177871675936,-21.291235452245743,3.171875,2.5490625,2.15625
422,-9.670926784061562,-11.693375085076946,-14.172569318757933,3.109375,2.5264583333333333,2.109375
423,-10.376713046323376,-12.227204507063798,-17.213020948959084,3.359375,2.8229166666666665,2.34375
424,-10.154507493081395,-12.076471277894399,-14.353334331636805,3.46875,2.7972916666666667,2.21875
425,-14.047429364800971,-16.248273168766517,-20.996846342526172,3.609375,2.6583854166666665,2.234375
426,-12.382818005708822,-14.699380203819674,-17.08319350254111,3.453125,2.667708333333333,2.21875
427,-10.357375546205754,-12.486071690840351,-15.636582808807585,3.421875,2.71125,2.171875
428,-11.364078767175045,-14.003756728005307,-18.811023014827985,3.578125,2.73203125,2.3125
429,-9.796973691662,-12.145323834782396,-16.703548914804287,3.5625,2.69828125,2.234375
430,-9.15355129013111,-10.717112783216061,-14.382934542924088,2.921875,2.4677083333333334,2.171875
431,-9.43569644069579,-11.482657825385916,-14.852680947833827,3.703125,2.76453125,2.328125
432,-13.442752719523538,-15.862606749261023,-18.359321226961086,3.546875,2.8070833333333334,2.34375
433,-9.413142008277623,-11.769720445598727,-15.967192750282768,3.359375,2.63609375,2.203125
434,-11.345019859739725,-13.251911643230189,-15.99468955152121,3.265625,2.6740625,2.296875
435,-10.989712778928196,-12.956754992590065,-15.690839766689248,3.09375,2.658333333333333,2.28125
436,-8.121898008424218,-10.077691538633598,-12.679655572879312,3.265625,2.6338541666666666,2.1875
437,-10.638740438610405,-12.777950826138103,-16.87055310594715,3.578125,2.718125,2.234375
438,-9.461566743327152,-11.509174032359086,-15.77475977111742,3.390625,2.615,2.203125
439,-8.975750850527218,-10.976711717416027,-13.20352562279782,3.359375,2.6993229166666666,2.28125
440,-10.808132715600399,-12.793029449356355,-15.348637608316848,3.3125,2.6936458333333335,2.203125
441,-11.145816390601327,-13.202490132746066,-16.25823508761686,3.328125,2.821927083333333,2.25
442,-11.794759968450666,-14.022647904759857,-16.998561854832598,3.40625,2.8095833333333333,2.296875
443,-13.494168185424813,-15.560167827236686,-18.35858898495135,3.390625,2.7063020833333336,2.234375
444,-11.491548059395756,-13.998334879394449,-17.351775645233054,3.5,2.7690625,2.265625
445,-9.095656882219506,-11.49631624516098,-17.456550500775307,4.046875,2.6592708333333333,2.1875
446,-9.225048844046425,-11.031111733536806,-13.994580547432001,3.3125,2.641770833333333,2.1875
447,-12.734336626818559,-15.281383021130939,-17.657380321813097,3.578125,2.8720833333333333,2.34375
448,-13.740992161915411,-16.205077214618676,-18.897982240838576,3.34375,2.839166666666667,2.359375
449,-8.748243653354852,-10.739739950963134,-14.06856979965212,3.359375,2.763333333333333,2.34375
450,-12.716739191255192,-14.824932611829981,-17.966352596339956,3.6875,2.8059375,2.234375
451,-11.47815369413103,-13.622513905092681,-16.9163776159248,3.46875,2.8213020833333333,2.34375
452,-8.048413628281867,-10.193190902463172,-12.938025641381472,3.453125,2.796197916666667,2.1875
453,-9.596244895086318,-12.284629304814286,-14.322417664832459,3.078125,2.6226041666666666,2.1875
454,-9.76268683692709,-12.234332213437126,-16.181403829980407,3.53125,2.72578125,2.25
455,-9.931201134449509,-12.013669829739166,-15.772284218912606,3.421875,2.6514583333333333,2.234375
456,-10.70913240494495,-12.79633044238637,-16.573005138996347,3.40625,2.7019270833333335,2.21875
457,-12.391379801759763,-14.4270829362606,-17.13359420001585,3.296875,2.626822916666667,2.21875
458,-12.94367747756859,-15.732837447576046,-19.81367629734076,3.546875,2.8765104166666666,2.359375
459,-8.649343325506539,-11.594889108622617,-14.30345208318,3.390625,2.7764583333333333,2.328125
460,-9.225693556558577,-11.876618086654455,-16.620700830097196,3.515625,2.7900520833333333,2.265625
461,-9.877116740106187,-11.855997160052608,-14.585577443190763,3.53125,2.8867708333333333,2.328125
462,-12.390034516001435,-14.675932237017662,-17.653123481890496,3.703125,2.875260416666667,2.34375
463,-9.865113230511204,-12.324234380425336,-15.046987424690483,3.578125,2.798125,2.359375
464,-9.596528952802544,-12.075959808561059,-15.098707599391581,3.28125,2.634895833333333,2.234375
465,-10.303182902742469,-13.147549980470142,-16.2321461204219,3.390625,2.7365104166666665,2.34375
466,-7.7683781710736906,-10.294243952323038,-14.183553706196188,3.15625,2.6157291666666667,2.21875
467,-12.133675096006293,-14.15259993036176,-17.242734722029496,3.375,2.6933333333333334,2.296875
468,-10.104145203340108,-12.449831512574606,-16.142445651042987,3.21875,2.69453125,2.234375
469,-8.995191540222262,-11.015619696678195,-15.143230491710007,3.359375,2.7140625,2.125
470,-8.884373873188077,-11.286477383710967,-14.383610385547772,3.171875,2.6582291666666666,2.140625
471,-10.081917751158677,-12.308400900188209,-15.119567098412029,3.375,2.77734375,2.296875
472,-9.91164330536071,-12.265960634900066,-15.032124938943015,3.3125,2.698072916666667,2.25
473,-10.405697684651162,-13.05153996998852,-15.573712099574243,3.390625,2.747916666666667,2.171875
474,-12.724281078079505,-14.853886207651003,-18.349402698764955,3.171875,2.68828125,2.265625
475,-11.430563415369651,-13.487910844303563,-16.635257672188498,3.046875,2.5780729166666667,2.234375
476,-8.989009381282113,-10.51938661468082,-13.739032583392458,3.25,2.619010416666667,2.15625
477,-10.852099820051437,-13.10378528965881,-15.855679670593405,3.34375,2.6894791666666666,2.21875
478,-7.90148704021432,-9.890900780636635,-13.218416461747072,3.3125,2.734583333333333,2.3125
479,-7.928161782086218,-9.752880927846869,-13.125467978621353,3.078125,2.56859375,2.15625
480,-10.453236619087518,-12.592433880169494,-15.947944012913842,3.5,2.85609375,2.40625
481,-10.267953654573454,-12.114498446314629,-15.250948277138772,3.125,2.6019791666666667,2.1875
482,-7.776516903134746,-9.596933082369572,-12.460134048606806,2.96875,2.488489583333333,2.171875
483,-12.15300522603866,-13.76369860653466,-15.700278193337438,3.203125,2.6325,2.28125
484,-10.5153119126443,-12.306542352510327,-14.595445040309308,3.046875,2.570052083333333,2.171875
485,-9.770075748027066,-11.462223285059302,-14.844640716478366,3.15625,2.6522395833333334,2.234375
486,-8.746401881899558,-10.37753875595066,-14.144493180337504,3.21875,2.5533333333333332,2.234375
487,-11.202153437221934,-13.381563701938955,-16.383148787112724,3.140625,2.6828125,2.25
488,-10.645646704848104,-12.44299009562162,-15.127611230216436,3.15625,2.6647916666666664,2.203125
489,-10.940788829834217,-12.595432103480352,-15.065379452128107,3.3125,2.6802604166666666,2.296875
490,-12.057507529781963,-14.038814038345462,-17.826800306642053,3.53125,2.7988541666666666,2.25
491,-13.002164113129163,-15.530159055379912,-18.526960956715435,3.390625,2.80921875,2.234375
492,-10.821743426670944,-12.888190900301668,-16.691772857024457,3.265625,2.7294791666666667,2.296875
493,-13.795628647263941,-15.832431131148791,-19.13759016524857,3.640625,2.80125,2.296875
494,-12.448217422753292,-14.353491389778304,-17.114552904233353,3.65625,2.822395833333333,2.328125
495,-9.79040885941391,-12.038462839167677,-15.41311023882156,3.296875,2.734166666666667,2.296875
496,-10.495347780010308,-12.529446885680303,-16.090263282553746,3.265625,2.722395833333333,2.265625
497,-7.689318783082527,-9.707950820438004,-14.418979900664675,3.546875,2.811822916666667,2.28125
498,-9.72582809515122,-11.704281661902563,-15.30654838658061,3.625,2.86140625,2.296875
499,-9.7982233757405,-11.347972781086481,-13.851468024707582,3.34375,2.766302083333333,2.375
500,-12.047650149578098,-14.383028487321733,-17.362639501083162,3.4375,2.8066145833333334,2.28125
501,-8.931171401441564,-11.86241090173311,-14.64696154217866,3.375,2.8631770833333334,2.453125
502,-9.629063120246116,-11.912668602130843,-15.565681993884558,3.484375,2.76421875,2.34375
503,-11.531790636178009,-13.783049225362362,-16.647545408500164,3.3125,2.7310416666666666,2.234375
504,-9.591068709376797,-11.39087116019008,-13.679629310157212,3.71875,2.8427083333333334,2.390625
505,-10.678739990841013,-12.702902770603803,-15.145528406384672,3.453125,2.76171875,2.296875
506,-10.185512660581745,-12.218809350471718,-15.22646745815616,3.21875,2.6368229166666666,2.25
507,-11.463923964540083,-13.809128849232023,-16.529364255089508,3.515625,2.9234375,2.375
508,-9.713277309055039,-12.603253150127355,-15.270016339916817,3.5,2.8369791666666666,2.453125
509,-14.27979909780921,-16.571011040015808,-19.931127542931222,3.4375,2.8872395833333333,2.328125
510,-9.63248127393465,-11.346763040507899,-14.496441786935849,3.53125,2.8811458333333335,2.5
511,-9.587445861851785,-11.540723814895449,-16.561648060487464,3.625,2.8225520833333335,2.375
512,-10.982824657138384,-13.249991300130432,-17.245493723166692,3.515625,2.83171875,2.359375
513,-11.430824840735983,-13.354152111216797,-15.888612809811347,3.421875,2.86140625,2.265625
514,-11.757129658979302,-14.748748343685335,-18.186443461833782,3.34375,2.84046875,2.375
515,-9.2792625138697,-11.997048955282514,-14.31590341074858,3.3125,2.877760416666667,2.46875
516,-8.53483088070179,-10.748543209483735,-13.62000850661208,3.375,2.7746875,2.359375
517,-12.537074462455593,-14.469483510704274,-16.878290779926207,3.484375,2.8688541666666665,2.34375
518,-7.921831437190115,-10.24841190279606,-13.802356425809629,3.265625,2.7413541666666665,2.296875
519,-13.546398433359599,-15.310812686179078,-17.40370683569688,3.375,2.8588541666666667,2.4375
520,-8.89775963277974,-11.085469908523946,-13.947999678828515,3.3125,2.7694791666666667,2.34375
521,-9.135092644845248,-12.00115992987031,-14.502521285909683,3.328125,2.76984375,2.328125
522,-11.586799213676779,-13.487886629704748,-15.988062505142006,3.578125,2.97234375,2.5
523,-10.493046919148908,-12.743553406295659,-15.499258017834855,3.484375,2.8429166666666665,2.28125
524,-11.06671414294403,-13.657798788533057,-17.13731592438668,3.21875,2.7011979166666666,2.296875
525,-12.219568394121978,-14.31455292833838,-17.255470949161214,3.421875,2.7864583333333335,2.328125
526,-9.096830698095763,-11.310055170311452,-13.643506854529361,3.453125,2.8396875,2.359375
527,-9.857075625705553,-11.660895884523985,-14.600693430887546,3.484375,2.6855729166666666,2.3125
528,-11.987715799964691,-13.41080069085828,-15.962026581385775,3.3125,2.6909375,2.203125
529,-8.82280450967047,-10.880671207753048,-13.301916005708357,3.21875,2.77546875,2.3125
530,-9.15549019983065,-11.197442144754486,-15.22566774209931,3.25,2.7608333333333333,2.421875
531,-11.838980113137378,-13.528854750832972,-15.542526415841685,3.234375,2.69578125,2.328125
532,-10.328233987568218,-12.721431444447273,-16.609135478826097,3.515625,2.783541666666667,2.375
533,-11.280146401364249,-13.110509727650944,-17.194842444766994,3.515625,2.95546875,2.46875
534,-9.048438523601058,-11.070579696364486,-14.07254513655322,3.5625,2.876614583333333,2.453125
535,-11.350996435188557,-13.701297515418716,-16.652185299923175,3.3125,2.7805208333333336,2.421875
536,-13.506710683490644,-15.856303879436691,-19.407522482586835,3.5,2.991979166666667,2.578125
537,-9.827836485633934,-12.426359974323383,-16.49276581920485,3.78125,3.1363020833333333,2.53125
538,-10.189934582756896,-11.637585376111572,-13.994123995107191,3.546875,2.8813020833333334,2.46875
539,-11.31196047153911,-13.348260381412796,-16.474389427593085,3.671875,2.9959895833333334,2.578125
540,-9.802730108598933,-12.086473197251102,-14.993894379539965,3.203125,2.675572916666667,2.28125
541,-11.17673956880202,-13.585411741550395,-16.184139738819496,3.40625,2.92625,2.328125
542,-8.390468627940416,-10.47537206821506,-13.077969604343295,3.40625,2.8144791666666666,2.390625
543,-12.722617801277057,-15.019745534387152,-18.868233389027473,3.59375,2.9813541666666667,2.453125
544,-8.010238543402458,-10.317794576258821,-14.379469849269075,3.453125,2.80484375,2.359375
545,-10.780011979883268,-12.93719258966479,-16.666934395468047,3.765625,2.9266145833333335,2.484375
546,-10.312514601697577,-12.80071834077171,-16.006436069160273,3.265625,2.8242708333333333,2.390625
547,-9.749078878301018,-11.711961407373764,-14.61533404421727,3.28125,2.752760416666667,2.34375
548,-8.987831041563966,-11.00962725398388,-14.2028311497705,3.1875,2.734635416666667,2.265625
549,-10.890519045932079,-12.91937984233282,-16.491536662511184,3.5625,2.869375,2.328125
550,-11.166382901965038,-13.513481868758571,-17.246254983985004,3.515625,2.8672395833333333,2.5
551,-8.35622574191519,-10.625680366646161,-14.62194747648574,3.515625,2.76921875,2.34375
552,-10.634090309766195,-12.319807311607441,-14.548935130795536,3.5625,2.7842708333333333,2.3125
553,-10.455753519999048,-12.40368114711183,-15.064586538851216,3.203125,2.64484375,2.203125
554,-8.157582108253248,-10.159349293746054,-12.75958101813051,3.265625,2.6944270833333333,2.25
555,-11.103941335557952,-13.325243262489966,-15.549908801384898,3.234375,2.68734375,2.265625
556,-8.826414706359495,-10.738068734610827,-13.824527307634431,3.40625,2.7209375,2.390625
557,-10.78722590244312,-13.548512895032896,-16.641222411436175,3.484375,2.7605208333333335,2.34375
558,-10.380140098653287,-12.39176382461445,-15.646480942479826,3.21875,2.7134895833333332,2.375
559,-9.207812097108038,-12.235318527880278,-14.117838279060122,3.203125,2.6752083333333334,2.265625
560,-8.268145989193728,-10.105587196000128,-12.913194577981681,3.109375,2.695,2.1875
561,-7.075595858574216,-8.778013976662276,-10.987333911079428,3.046875,2.558802083333333,2.234375
562,-8.683406248572542,-10.72003733522532,-14.613092093531572,3.09375,2.694375,2.359375
563,-12.440876783783011,-14.258295190535124,-16.971904361302627,3.375,2.7411458333333334,2.328125
564,-11.280747124362737,-13.368953916031229,-15.981753681480606,3.53125,2.7753645833333334,2.390625
565,-10.229866425921603,-11.994368850168426,-15.082242185193586,3.21875,2.6719270833333333,2.296875
566,-10.923874890369744,-13.199178383875273,-16.271430678793042,3.34375,2.7836458333333334,2.390625
567,-7.280604776071184,-9.356032704830072,-12.476288180516077,3.546875,2.8277604166666666,2.375
568,-9.910716399726798,-11.418350346106227,-14.190522392983096,3.21875,2.6513541666666667,2.234375
569,-9.471026388760118,-10.931145424179679,-13.492267837341936,3.21875,2.6465625,2.296875
570,-10.434193244767664,-12.276027269597112,-14.993641739467856,3.078125,2.55515625,2.1875
571,-12.674557500705157,-14.670512862458123,-16.97512387823125,3.390625,2.7974479166666666,2.359375
572,-8.965629612173744,-10.58850109420263,-13.905187924940668,3.234375,2.6575520833333335,2.25
573,-9.058922356120204,-10.855632043329896,-13.64107887539503,3.265625,2.6995833333333334,2.296875
574,-10.26130535632948,-12.737715373697789,-15.511155630975049,3.5,2.865572916666667,2.40625
575,-11.435097277111414,-13.845972422880253,-16.87684520346745,3.34375,2.73984375,2.375
576,-11.844525617172247,-13.719101688851094,-16.133820360406006,3.390625,2.7640625,2.375
577,-9.753165790498272,-11.4069753340232,-13.213238384710706,3.15625,2.6541145833333335,2.296875
578,-10.155253826673363,-12.454759016445262,-15.937246464064348,3.515625,2.7644270833333335,2.34375
579,-13.026890524559642,-14.874614936622137,-16.477485749686977,3.359375,2.82203125,2.359375
580,-11.397146620320889,-13.599718869006866,-17.406402250216292,3.40625,2.8819270833333333,2.40625
581,-9.723300671525749,-11.583022954684006,-14.674166878899964,3.21875,2.6914583333333333,2.234375
582,-12.544837197660334,-15.011453722570222,-17.950772307113397,3.328125,2.75484375,2.234375
583,-8.89855092633254,-11.662438920649896,-14.019520700543673,3.1875,2.6484375,2.28125
584,-11.588236826602715,-13.53784132020495,-16.441715782353512,3.15625,2.716458333333333,2.34375
585,-9.668552634426186,-11.87141564523914,-14.345382863494637,3.296875,2.80453125,2.265625
586,-11.743720959810611,-13.957601899567216,-16.460123104180138,3.28125,2.79578125,2.296875
587,-11.416676435119772,-13.613631659826723,-16.69497978410312,3.359375,2.7256770833333333,2.328125
588,-8.124028716464947,-9.880943508483032,-13.03855626356,3.234375,2.694635416666667,2.265625
589,-8.804790164937511,-10.657297903941236,-14.099085646310945,3.296875,2.8109375,2.390625
590,-9.337219655859448,-11.385866612912213,-14.477871221446147,3.296875,2.76828125,2.34375
591,-11.742892308195247,-13.62028751266454,-15.71027308033966,3.453125,2.879583333333333,2.453125
592,-9.441532800929803,-11.611561649236936,-14.713747164361152,3.5,2.790625,2.390625
593,-8.697137949678627,-10.480724468374122,-13.657148274763776,3.078125,2.559270833333333,2.203125
594,-11.061465141773612,-13.54488442890547,-16.720445855690574,3.34375,2.75015625,2.328125
595,-9.52277632142444,-12.067385758951627,-15.810932001037202,3.1875,2.64578125,2.265625
596,-8.774247507745585,-10.805575966077022,-13.342503474584896,3.375,2.7335416666666665,2.34375
597,-9.485632882603335,-11.760524838696359,-14.778248476270818,3.265625,2.7572916666666667,2.359375
598,-9.901486174173936,-12.31706402085555,-15.425278478297907,3.109375,2.7163020833333333,2.375
599,-8.899156944042529,-10.776659738125387,-13.705086059574747,3.40625,2.8413541666666666,2.4375
600,-10.1294658142481,-12.073509407771573,-14.55169354376434,3.453125,2.83125,2.40625
601,-11.196413036185652,-13.533938025317669,-17.14354617471074,3.453125,2.980625,2.578125
602,-9.632814004832301,-11.714301245682078,-16.17659380727624,3.4375,2.757604166666667,2.34375
603,-7.452692927890975,-9.850725796604218,-14.173900708334694,3.34375,2.7999479166666665,2.375
604,-12.834560607561906,-15.42294604020477,-17.97057427563574,3.53125,2.8984895833333333,2.5
605,-9.491617734302197,-11.825498816817603,-14.045307139781066,3.40625,2.8672916666666666,2.3125
606,-11.643162376268624,-14.103567424665513,-16.7820561751765,3.609375,2.964635416666667,2.46875
607,-13.367521543811597,-16.33148461366538,-18.94311291429611,3.78125,3.0233333333333334,2.53125
608,-9.716561838773268,-12.012037600670562,-14.756441418082149,3.359375,2.8204166666666666,2.40625
609,-7.581959508811383,-11.370230010873895,-14.25984054809179,3.359375,2.8366666666666664,2.421875
610,-6.427613127531986,-9.029893814109263,-12.721709925308614,3.578125,2.81875,2.359375
611,-8.10043281130219,-10.707691476464468,-13.585217514892463,3.390625,2.879583333333333,2.328125
612,-8.976902931671537,-11.165425513214249,-13.512432960761512,3.375,2.864895833333333,2.390625
613,-10.93007031784714,-12.83122105430689,-15.188156717938075,3.4375,2.7523958333333334,2.359375
614,-8.029226659051051,-10.643802991424026,-14.051495861665344,3.484375,2.8618229166666667,2.4375
615,-12.41515169301299,-14.94300167418548,-17.852257368205102,3.328125,2.75671875,2.34375
616,-12.319540112297664,-14.353490823486627,-17.477742572580425,3.34375,2.85453125,2.34375
617,-9.081072803248368,-11.011891018274232,-13.636563247562588,3.28125,2.7943229166666668,2.40625
618,-8.853470503672929,-11.131456868936606,-14.758245729557515,3.4375,2.8984375,2.4375
619,-12.142048451618482,-14.374201016126117,-20.02690465099772,3.734375,2.8892708333333332,2.453125
620,-9.897469049190475,-11.918272840157345,-15.812133597744653,3.90625,2.94109375,2.546875
621,-8.930534649361599,-11.03680845322222,-13.639104483416961,3.328125,2.8452083333333333,2.5
622,-12.129445877068985,-14.134279568827964,-17.277313968205036,3.390625,2.87828125,2.40625
623,-13.343875546975521,-15.17968736800926,-17.74712450004548,3.3125,2.8780729166666665,2.421875
624,-7.934155018887353,-10.226978112285403,-13.433493072981376,3.328125,2.7391666666666667,2.34375
625,-9.596882930641737,-11.843030898482088,-14.312723396098853,3.59375,2.9838020833333334,2.453125
626,-10.114688348825966,-12.004814017956944,-15.077261813677158,3.1875,2.6602083333333333,2.21875
627,-8.43769677408923,-10.4354385010117,-14.727835728424207,3.390625,2.6434375,2.234375
628,-10.247442592502217,-12.10971704085008,-14.770677871154499,3.40625,2.6558854166666666,2.296875
629,-10.40129441473034,-13.140156307364647,-15.455736519519208,3.484375,2.9696875,2.515625
630,-11.175481396197414,-12.954872318184265,-15.805601914342642,3.28125,2.7005208333333335,2.265625
631,-7.938547376197874,-10.301365977048151,-13.368058138173382,3.40625,2.8667708333333333,2.3125
632,-8.939027379340423,-11.638817298357633,-14.625834091230901,3.421875,2.8636979166666667,2.453125
633,-8.786238333579753,-11.189602455375594,-14.379567160107804,3.40625,2.8315104166666667,2.359375
634,-9.091903792035165,-11.575378289743304,-15.946401217608623,3.15625,2.699375,2.3125
635,-9.33578937840835,-10.962364820126211,-13.963196412516245,3.296875,2.7868229166666665,2.265625
636,-12.483799598424342,-14.617348587382406,-17.542246947485097,3.34375,2.73546875,2.375
637,-9.563952058007324,-12.321342309091087,-16.312164953831193,3.390625,2.7839583333333335,2.421875
638,-8.472784620400608,-10.378800276258904,-12.822292219076806,3.328125,2.891875,2.515625
639,-13.310631768451385,-15.447288197599365,-17.988958777352238,3.4375,2.92765625,2.453125
640,-10.391451927643534,-12.401888581364672,-15.89948747684365,3.5625,2.93765625,2.46875
641,-9.474080644418965,-11.515767772617767,-13.436842580333014,3.4375,2.8141666666666665,2.390625
642,-10.27968310153879,-12.38816248525519,-15.300989089018962,3.484375,2.849479166666667,2.328125
643,-14.589690667351736,-16.69662555704983,-19.7574867472451,3.421875,2.86875,2.4375
644,-9.591143148788328,-11.718500444141904,-14.442041543243471,3.25,2.754166666666667,2.234375
645,-8.62370421834406,-10.753303509288935,-13.730123867570311,3.328125,2.78515625,2.359375
646,-7.98531231865215,-9.994124872629472,-12.312013238893817,3.34375,2.844010416666667,2.390625
647,-8.490325520135162,-10.613844013221104,-13.817420833436511,3.4375,2.8797395833333335,2.40625
648,-7.7607416333237875,-9.93060635277131,-13.52551242252108,3.34375,2.8702604166666665,2.4375
649,-10.81976804368802,-12.990119077342927,-15.190502202148108,3.546875,2.89828125,2.484375
650,-8.24030270464614,-10.555387066543409,-13.682384715106334,3.578125,2.77734375,2.359375
651,-11.765805890233617,-13.644662906954796,-16.32197155595558,3.578125,2.982552083333333,2.46875
652,-7.707966426543939,-10.542593912954127,-12.910215394460451,3.671875,2.983125,2.59375
653,-12.249098373368682,-14.609374099212506,-18.04531961658777,3.34375,2.895625,2.515625
654,-9.17839895778338,-11.498595561972055,-13.772709858716338,3.328125,2.8403645833333333,2.375
655,-10.837871598050171,-13.205381644029524,-16.58139995872287,3.609375,3.06109375,2.5625
656,-9.223965088282789,-11.348576752641174,-13.774311593748594,3.4375,2.97796875,2.515625
657,-7.828913307487219,-9.800384898091606,-13.006952238524658,3.546875,2.8719270833333335,2.40625
658,-14.297107454571064,-16.046287845000247,-19.07407131256335,3.625,3.0533333333333332,2.53125
659,-14.06398729934463,-16.409274632683406,-19.087817224235227,3.5625,2.995416666666667,2.4375
660,-12.758889759366474,-14.971851320627785,-17.579653930859994,3.53125,3.00921875,2.578125
661,-9.670874182536078,-11.498285567368388,-14.33785618810685,3.390625,2.8700520833333334,2.4375
662,-7.304368092617421,-9.755381917233153,-13.726604034760923,3.46875,2.8950520833333333,2.359375
663,-9.009419357567866,-11.593267203031424,-14.746449414483843,3.5,2.92453125,2.375
664,-9.227077995583548,-12.443583450162754,-15.208750836834653,3.578125,2.9846875,2.5
665,-10.973753646219816,-13.067382663631362,-16.57236097230187,3.40625,2.8808333333333334,2.390625
666,-12.658183781791983,-14.617968831662493,-17.368389265905677,3.34375,2.8291666666666666,2.390625
667,-9.880302508233227,-12.393150441355768,-15.450260732542782,3.53125,2.9728125,2.546875
668,-8.777017561119507,-10.830246579132897,-13.425259584926522,3.640625,2.9928125,2.5
669,-7.44566203114821,-9.244966796953875,-12.374237898867179,3.34375,2.8227604166666667,2.390625
670,-10.598446982596393,-12.591628684709514,-15.856270373596793,3.65625,2.860520833333333,2.375
671,-11.014001984636412,-13.061913108894364,-16.99056948727766,3.515625,2.773229166666667,2.328125
672,-10.480696883453286,-12.4267997802902,-15.906983337631653,3.484375,2.8171875,2.40625
673,-10.742211293160535,-13.5581805477658,-16.72549758043795,3.5,2.8817708333333334,2.5
674,-10.964925972018772,-12.894195605757103,-15.536336187749905,3.484375,2.9696354166666667,2.546875
675,-11.298698259494024,-12.928092286911623,-15.050991644096184,3.25,2.7340104166666666,2.296875
676,-12.049153939776483,-13.967862008470632,-17.574787732028312,3.734375,3.0322395833333333,2.5625
677,-9.748388625999562,-12.004297442741661,-14.500622529450153,3.796875,3.07609375,2.609375
678,-8.728926798688011,-10.827337074684419,-13.489252152815592,3.46875,2.8691145833333334,2.40625
679,-11.237841538224794,-13.217283181507801,-15.830174859337848,3.53125,2.9300520833333334,2.515625
680,-12.255961894175098,-14.285121741453434,-17.472168128487144,3.375,2.8390625,2.390625
681,-10.919308585569265,-13.154519525093987,-18.031501933173555,3.53125,2.9091145833333334,2.515625
682,-9.038936263723512,-10.735731732614965,-14.01720106776307,3.25,2.7758854166666667,2.265625
683,-9.680656895503386,-12.256408229847652,-15.040985476675218,3.453125,2.89375,2.4375
684,-8.089923698314717,-10.496739484687764,-14.19821199142091,3.34375,2.7154166666666666,2.3125
685,-12.87331373825201,-14.642554440829587,-17.570114058502412,3.203125,2.732552083333333,2.296875
686,-11.53620299052201,-13.871120059597088,-17.438992059036877,3.21875,2.730260416666667,2.390625
687,-9.737077537476953,-11.991952162113558,-15.040410933734112,3.390625,2.9203645833333334,2.40625
688,-6.943068089010981,-9.020119478434195,-12.441719228331106,3.4375,2.726770833333333,2.390625
689,-8.822346540561352,-11.744808975014118,-14.282492105229826,3.6875,2.8775520833333332,2.375
690,-10.09133730623907,-12.744602394875814,-15.552925287674356,3.3125,2.7609895833333336,2.421875
691,-10.387136488273443,-12.389432954064624,-14.289398071734507,3.484375,2.814114583333333,2.40625
692,-9.310697500045201,-11.960872636926071,-15.60786845406431,3.1875,2.7333333333333334,2.21875
693,-8.453571793437312,-10.572171284076592,-14.603564863020079,3.609375,2.870885416666667,2.328125
694,-8.876156135727213,-11.696475272958136,-15.203496646880621,3.703125,2.9116145833333333,2.46875
695,-7.221769260733016,-9.068870308993578,-12.493642826776599,3.265625,2.7034895833333334,2.28125
696,-9.547011119073913,-11.87782679561625,-14.594867252485649,3.5625,2.9036979166666668,2.4375
697,-10.434830690512499,-12.57986100786195,-15.194691974717236,3.453125,2.914270833333333,2.484375
698,-9.940248147004425,-12.118688831508859,-15.16185065924769,3.4375,2.914375,2.484375
699,-9.493906022400221,-11.525151578733377,-15.037587292739167,3.265625,2.7986458333333335,2.328125
700,-10.701584013168052,-12.852551561977323,-15.025199057495458,3.40625,2.8415104166666665,2.421875
701,-10.890977849091293,-13.580931050288388,-16.758119859691114,3.53125,2.93140625,2.359375
702,-13.938462628368848,-16.316916192905357,-19.780514579971054,3.515625,2.9589583333333334,2.578125
703,-7.226181169151795,-9.254240834704866,-11.59616176869989,3.328125,2.72578125,2.3125
704,-9.388527952814764,-11.326023878516127,-14.584140872764042,3.40625,2.954375,2.546875
705,-9.514128362155686,-11.962377654489694,-14.855671319533805,3.453125,2.9523958333333336,2.53125
706,-11.172098207159028,-13.096327159701973,-14.992312085288393,3.609375,3.0029166666666667,2.578125
707,-7.836872154677195,-9.837530659420262,-12.400864363017504,3.46875,2.8852083333333334,2.390625
708,-7.786423049942411,-10.063393174049109,-13.732259207107091,3.296875,2.7721354166666665,2.34375
709,-15.012951635233085,-17.320098420836388,-20.4104786922785,3.40625,2.8376041666666665,2.25
710,-13.57640619225768,-15.632270794987159,-19.240964623506514,3.390625,2.857552083333333,2.515625
711,-9.210869462068397,-11.352292860459904,-13.791877718822061,3.171875,2.699895833333333,2.390625
712,-10.052398241445381,-12.466341019634102,-14.584930029295657,3.265625,2.8066666666666666,2.421875
713,-8.027528388464543,-11.025799563439755,-14.100445794394185,3.453125,2.895677083333333,2.5
714,-7.539134198033683,-9.867379486770776,-13.674735322558803,3.234375,2.6758333333333333,2.265625
715,-8.165926492238484,-10.417910918873465,-13.787903665879005,3.296875,2.83421875,2.46875
716,-12.969248515153009,-15.164116378230519,-17.75188674328824,3.390625,3.0000520833333333,2.546875
717,-10.384907282707822,-12.501567157350275,-15.816951665645755,3.390625,2.892447916666667,2.484375
718,-10.188995602726617,-12.699326040047454,-15.837724212082092,3.53125,2.9480208333333335,2.421875
719,-9.92481563699029,-12.33751639662533,-16.247459501232548,3.515625,2.83359375,2.375
720,-9.47939563453337,-11.222329370973469,-14.54286624188059,3.25,2.8116145833333333,2.375
721,-10.731103013704358,-12.849092102071412,-16.430146937149885,3.390625,2.8916145833333333,2.453125
722,-11.309097499871225,-14.15199758730763,-17.66998145458786,3.453125,2.8502604166666665,2.46875
723,-12.519413835169896,-15.413465587526131,-18.251255004718768,3.453125,2.91484375,2.46875
724,-6.240285461415325,-8.140467520203801,-10.966843850368672,3.140625,2.68640625,2.28125
725,-8.169289280140475,-10.220308152145234,-12.137244784357685,3.09375,2.6078125,2.25
726,-9.477697399923803,-11.311423052191284,-13.662100316975696,3.390625,2.8255208333333335,2.390625
727,-9.184699078078685,-11.482808703227935,-13.9298401685806,3.65625,2.8242708333333333,2.296875
728,-11.275694785518047,-13.216945990194715,-16.487121752233612,3.375,2.836145833333333,2.359375
729,-8.341381943252253,-10.15800555422595,-13.843316934478917,3.546875,2.8234375,2.359375
730,-9.689127588970912,-11.461130314101815,-13.878489683821114,3.59375,2.9225,2.46875
731,-10.756935360074497,-12.702104470572877,-15.400293477103322,3.1875,2.710729166666667,2.328125
732,-8.944778569219286,-11.226541840630391,-14.810680321792098,3.296875,2.69734375,2.34375
733,-8.806158656439054,-11.322842286935394,-14.54955339583076,3.390625,2.846041666666667,2.453125
734,-9.13102603700117,-10.97319688499553,-13.1735094738899,3.34375,2.804375,2.359375
735,-10.704963275113187,-12.970048514449562,-15.544067308313016,3.328125,2.797083333333333,2.390625
736,-9.434149350552547,-11.372421781403279,-14.458658174484864,3.375,2.8203645833333333,2.390625
737,-11.299877186893044,-13.486886939576138,-17.466850642518835,3.328125,2.818229166666667,2.34375
738,-9.266662416901523,-10.881486523348125,-13.598945751065731,3.25,2.7079166666666667,2.359375
739,-8.491399576522262,-10.445295269029673,-13.285700443246526,3.34375,2.876145833333333,2.4375
740,-10.593260115029336,-12.222014852728654,-14.83634896088613,3.234375,2.8054166666666664,2.453125
741,-11.898515934769259,-13.847791129609016,-15.945433577212173,3.3125,2.8776041666666665,2.34375
742,-9.773468838454326,-11.496131721906174,-13.381287797453098,3.25,2.7563020833333334,2.296875
743,-9.307576669750683,-12.04437926324308,-16.41386354893342,3.5625,2.820625,2.296875
744,-12.059655045629562,-14.025864500788057,-17.234426270913076,3.375,2.939322916666667,2.484375
745,-11.781002323815445,-13.604706808119666,-16.60647696465578,3.46875,2.71125,2.25
746,-14.387999382538206,-16.42876705795953,-19.203258319141057,3.484375,2.9608854166666667,2.578125
747,-7.694460856990357,-9.624974845143965,-12.105053537397742,3.3125,2.7715104166666666,2.390625
748,-10.648731087685064,-12.681438238444027,-16.538653385389146,3.265625,2.6331770833333334,2.265625
749,-10.214148283784212,-12.126311924420632,-14.561444298469237,3.390625,2.8975520833333333,2.3125
750,-8.087105385487897,-9.938867478949913,-12.647694100052627,3.65625,2.8621875,2.453125
751,-9.711589878245201,-11.32414788099485,-13.532421518270656,3.546875,2.802395833333333,2.46875
752,-13.879651731548252,-15.620493913163175,-17.811549040758404,3.40625,2.8103125,2.375
753,-11.21852138133836,-13.324021324962333,-16.06627452647489,3.578125,2.9900520833333335,2.546875
754,-9.788329085349577,-12.798936301051928,-15.608655007603327,3.578125,3.0216666666666665,2.578125
755,-8.244002709046903,-10.767266908703494,-13.8871519696831,3.390625,2.8378125,2.34375
756,-7.729253501794707,-9.501589023488558,-12.837350155348242,3.453125,2.8446875,2.375
757,-7.396756771440678,-9.154800425537411,-11.650247738603717,3.46875,2.744270833333333,2.359375
758,-7.788729218444805,-9.392904056448456,-11.861135610298353,3.15625,2.742447916666667,2.328125
759,-9.664909079239582,-11.570003089884814,-14.11545449815112,3.265625,2.7563020833333334,2.328125
760,-10.455994666769778,-12.447403436276968,-14.432629422546336,3.25,2.741927083333333,2.390625
761,-10.39394474417144,-12.312255977266537,-15.511294324345226,3.453125,2.7961458333333336,2.34375
762,-12.513686093606704,-14.494924427524902,-17.360895187785026,3.71875,3.0424479166666667,2.453125
763,-12.128458960936234,-14.458480683608157,-17.689552801469,3.46875,2.8828645833333333,2.421875
764,-10.160368631937505,-12.626410153312852,-16.585781031170768,3.484375,2.8275520833333334,2.375
765,-13.554465450428879,-15.11237965383255,-17.08922523654349,3.4375,2.8646354166666668,2.4375
766,-10.155594845794004,-12.649074623171192,-15.374477783586176,3.5,2.945989583333333,2.546875
767,-12.415610098778632,-13.871106032197767,-16.203951192931612,3.421875,2.835625,2.46875
768,-12.22036485483023,-14.500839624797685,-16.73487315930219,3.453125,2.9731770833333333,2.5625
769,-13.035516361539429,-15.510410995160473,-18.408949193959273,3.578125,3.0646875,2.625
770,-12.009612827345908,-14.373271207926688,-17.79517020446371,3.546875,2.97796875,2.46875
771,-8.812721814089981,-10.862378037173025,-14.622048460568712,3.546875,2.993333333333333,2.53125
772,-10.41810433698889,-12.4505431180186,-14.712931480838106,3.6875,2.8655208333333335,2.40625
773,-6.491106316845591,-8.585948380119738,-11.077614226599849,3.28125,2.756666666666667,2.375
774,-8.423229108507842,-10.445935564135988,-13.595827127819618,3.40625,2.7914583333333334,2.46875
775,-8.806867878650245,-10.768696994742399,-13.144765196693337,3.515625,2.903958333333333,2.5
776,-11.669924608270865,-13.887004563439126,-16.704332927751338,3.375,2.914739583333333,2.453125
777,-7.7491478855718015,-10.00129272281845,-12.729272973794831,3.59375,2.8678125,2.40625
778,-8.153472358419656,-9.908636299645181,-12.960940206321334,3.21875,2.6874479166666667,2.359375
779,-9.945724681912315,-11.790926408960738,-15.262958890988868,3.359375,2.8086979166666666,2.28125
780,-11.304314814325313,-13.965869447951142,-17.623998467145476,3.375,2.845833333333333,2.40625
781,-8.483040099253417,-10.406019214042214,-12.753901391327293,3.28125,2.78,2.359375
782,-11.547278537345738,-13.329046834899978,-16.345049533292322,3.453125,3.0273958333333333,2.640625
783,-11.157576122974083,-12.694236532849498,-16.28976827121217,3.0625,2.7027604166666666,2.296875
784,-7.5453398391693005,-9.520814308727827,-12.261293741006691,3.3125,2.8225,2.4375
785,-10.808114781333108,-12.981621316498519,-16.507454005429828,3.4375,2.98171875,2.484375
786,-8.163032014358746,-10.413223489975639,-13.291972883891715,3.34375,2.857552083333333,2.484375
787,-10.87967505063953,-13.332093782342554,-16.305456880078914,3.53125,2.87515625,2.484375
788,-10.22311691068643,-12.38526821987854,-14.856639628427594,3.4375,2.9196875,2.421875
789,-10.9175237987271,-13.224933323510243,-16.233063107449553,3.484375,2.914322916666667,2.3125
790,-10.32120303475691,-12.64683109981108,-16.03477313286759,3.8125,3.018125,2.421875
791,-11.331596063115803,-13.26452415626192,-15.7532932929379,3.53125,2.8457291666666666,2.265625
792,-11.145132426467788,-12.99766300894332,-15.704625865488717,3.3125,2.8560416666666666,2.453125
793,-12.850869416994954,-15.436832691790565,-18.108819311837948,3.46875,2.9822395833333335,2.484375
794,-10.553458447508403,-12.845201304814207,-15.446339026360356,3.5625,2.9375,2.5
795,-9.613578848024387,-12.036538693960601,-15.159915725967297,3.5625,2.9074479166666665,2.46875
796,-9.95556477026719,-12.660583611684592,-15.248370635668996,3.609375,2.9483854166666665,2.484375
797,-10.156941247637572,-12.254853474777347,-15.01317608165456,3.71875,2.9583333333333335,2.515625
798,-12.670067918271618,-14.853979564586368,-18.68026146557219,3.609375,3.0390625,2.484375
799,-12.859872785308545,-14.974733301742377,-17.75071311580282,3.71875,3.133489583333333,2.703125
800,-8.694061130200412,-11.367758551966098,-14.488386777965502,3.796875,3.02578125,2.484375
